first_name,last_name,phone,email
Tech,Toad,+14805551001,tech.toad1@example.com
Tech,Toad,+14805551002,tech.toad2@example.com
Tech,Toad,+14805551003,tech.toad3@example.com
Tech,Toad,+14805551004,tech.toad4@example.com
Tech,Toad,+14805551005,tech.toad5@example.com
Tech,Toad,+14805551006,tech.toad6@example.com
Tech,Toad,+14805551007,tech.toad7@example.com
Tech,Toad,+14805551008,tech.toad8@example.com
Tech,Toad,+14805551009,tech.toad9@example.com
Tech,Toad,+14805551010,tech.toad10@example.com
Tech,Toad,+14805551011,tech.toad11@example.com
Tech,Toad,+14805551012,tech.toad12@example.com
Tech,Toad,+14805551013,tech.toad13@example.com
Tech,Toad,+14805551014,tech.toad14@example.com
Tech,Toad,+14805551015,tech.toad15@example.com
Tech,Toad,+14805551016,tech.toad16@example.com
Tech,Toad,+14805551017,tech.toad17@example.com
Tech,Toad,+14805551018,tech.toad18@example.com
Tech,Toad,+14805551019,tech.toad19@example.com
Tech,Toad,+14805551020,tech.toad20@example.com
Tech,Toad,+14805551021,tech.toad21@example.com
Tech,Toad,+14805551022,tech.toad22@example.com
Tech,Toad,+14805551023,tech.toad23@example.com
Tech,Toad,+14805551024,tech.toad24@example.com
Tech,Toad,+14805551025,tech.toad25@example.com
Tech,Toad,+14805551026,tech.toad26@example.com
Tech,Toad,+14805551027,tech.toad27@example.com
Tech,Toad,+14805551028,tech.toad28@example.com
Tech,Toad,+14805551029,tech.toad29@example.com
Tech,Toad,+14805551030,tech.toad30@example.com
Tech,Toad,+14805551031,tech.toad31@example.com
Tech,Toad,+14805551032,tech.toad32@example.com
Tech,Toad,+14805551033,tech.toad33@example.com
Tech,Toad,+14805551034,tech.toad34@example.com
Tech,Toad,+14805551035,tech.toad35@example.com
Tech,Toad,+14805551036,tech.toad36@example.com
Tech,Toad,+14805551037,tech.toad37@example.com
Tech,Toad,+14805551038,tech.toad38@example.com
Tech,Toad,+14805551039,tech.toad39@example.com
Tech,Toad,+14805551040,tech.toad40@example.com
Tech,Toad,+14805551041,tech.toad41@example.com
Tech,Toad,+14805551042,tech.toad42@example.com
Tech,Toad,+14805551043,tech.toad43@example.com
Tech,Toad,+14805551044,tech.toad44@example.com
Tech,Toad,+14805551045,tech.toad45@example.com
Tech,Toad,+14805551046,tech.toad46@example.com
Tech,Toad,+14805551047,tech.toad47@example.com
Tech,Toad,+14805551048,tech.toad48@example.com
Tech,Toad,+14805551049,tech.toad49@example.com
Tech,Toad,+14805551050,tech.toad50@example.com

